article_number,category,title,published_date,key
pre,G,AIに4コマ漫画を描かせたら、私もやらかしまくった話,2025-12-04,nba6e79f62183
2,F,初日からやらかしたこと,2025-12-15,n37d3fd704c0a
3,F,セリフが似すぎる問題,2025-12-16,n1398ab42b9db
4,F,カーディガン問題,2025-12-17,nff27e1ae9400
5,F,セリフ問題、その後に見えた変化,2025-12-18,n388d7169ba5d
6,F,彼女が天気を気にしてくれるようになった話,2025-12-19,nc6d7b7de8aae
1,F,はじめました,2025-12-20,n924e9ddf5bc0
7,F,7人の彼女を紹介します,2025-12-20,n41fd8b4a4acd
8,E,彼女が「〇〇くん」と呼び始めた話,2025-12-21,na79b765a2a0d
9,F,動的シーン選択への移行,2025-12-22,n412a6a8aca05
10,F,クリスマス仕様にしてみた,2025-12-23,n6e0781d54027
11,F,ChatGPTにダメ出しされた話,2025-12-24,n9145328a1686
12,F,送り出した彼女が、帰りを待つようになった話,2025-12-25,nd46a87980bd9
13,F,5日間のサンタコス、調整しながら走り抜けた話,2025-12-26,nc14a6aa41ec7
14,F,5日間のサンタコス、設計と数字の答え合わせ,2025-12-27,n7d2c8284db17
15,C,"毎朝の""いってらっしゃい""を届けるために作った検証フロー",2025-12-28,n536fa1795758
16,A,毎日AI画像生成、本当に必要だった？,2025-12-29,n04eb926bdabe
17,C,ChatGPTとClaudeで設計レビューを回した話,2025-12-30,n560273243500
18,C,AI画像生成のバージョン管理、3分割で解決した話,2025-12-31,n569d2bb07508
19,G,2025年ありがとうございました、2026年の目標,2026-01-01,n53d03db7b534
intro,G,「おはようカノジョ」作ってます,2026-01-01,n2322613ddd73
20,B,設計書を渡したら、Claude Codeは迷わず実装できたのか？,2026-01-02,n07f1f161a33f
21,E,正月イベントの準備をした話,2026-01-03,n1a8da6ebae59
22,D,正月エンゲージメント振り返り,2026-01-04,n315589b8e822
23,A,ChatGPTに運用リズムを相談したら怒られた話,2026-01-05,n2ad2155cdd92
24,E,白銀の髪同盟への道①～妹キャラ誕生編～,2026-01-06,n3886025e9f75
25,E,白銀の髪同盟への道②?キャラデザイン編?,2026-01-07,ndac423f231c1
26,B,参照画像問題,2026-01-08,ne70d97707229
27,E,白銀の髪同盟への道③?姉妹2ショット編?,2026-01-09,nbef2c333897f
28,E,白銀の髪同盟への道④?掛け合いセリフ編?,2026-01-10,n3bc9b1fb03d7
29,C,7人全員同じ服から、季節衣装28パターンを作るまで,2026-01-11,n6b484bcd2926
30,D,AIカノジョBot、試行錯誤の全記録,2026-01-12,na0d238f78e2c
31,B,Geminiが僕と彼女の間に割り込んできた話,2026-01-13,n201954604558
32,C,「画像生成どうやってるの？」に答えてみる,2026-01-14,n6302096046ff
33,C,毎日noteを書くための、ちょっとした仕組み,2026-01-15,n3f2877db2815
34,B,Gemini応答問題、直ったか確認してみた,2026-01-16,n69906f968e39
35,A,平日は観測、週末は一つだけ壊す,2026-01-17,n51dd38244d7a
36,E,ガーネットを姉妹で分け合う意味,2026-01-18,nacefae8ae993
37,B,同じ朝なのに、7人の見ているものが違う──観測の癖を設計した話,2026-01-19,nc31bfdb2047f
38,B,同じプロンプトなのに、7人それぞれ違う,2026-01-20,n5d2bcfec3be8
39,B,LLMに「やらないこと」を伝える技術,2026-01-21,nbb53d199536a
40,B,午後の空も、見てる,2026-01-22,ne73ec862e0ca
special,G,AIにどう扱ってきたか聞いてみた,2026-01-22,n44b043263216
41,B,文末で「AIっぽさ」を減らす,2026-01-23,nc0c3e5b51016
42,A,"AI駆動開発は""楽をするため""じゃなかった",2026-01-24,n8b9608b6623d
43,D,42本書いてわかった、スキがもらえる記事の共通点,2026-01-25,ne5e825c679f9
44,D,ChatGPTに自分のプロジェクトを分析させた（前編）,2026-01-26,nfdb8eaca5a6a
45,D,AIの分析、どこまで当たってた？（後編）,2026-01-27,n4db8a2a5aaaa
46,A,意味は編集で生まれる,2026-01-28,n906789863ffa
47,C,年間イベント衣装を設計する,2026-01-29,n2f29b6180d71
48,D,Instagramへの秘密の種まき,2026-01-30,n5c1119748a91
49,B,午後の天気、彼女は気づいてる？,2026-01-31,n7c10f4988392
50,G,あの日、飲み会で黙っていれば、これはなかった,2026-02-01,n41ded699c4f7
51,B,お気に入りを優遇したら、同じ顔ばかりになった,2026-02-02,ndaf058b3ce32
52,C,毎日書いた結果を、自分なりに分析したくて「積み上げノート」を作った,2026-02-03,n01271ce80310
53,B,「ほら、もうこんな時間」が止まらない,2026-02-04,n073df0afa091
54,D,50本書いて変わったこと,2026-02-05,n98fc0341fe76
55,B,重すぎるログを捨てた日。30秒の判断ログに切り替えた話,2026-02-06,nc14373cd72ca
56,G,おはようカノジョが止まる2つのパターン,2026-02-07,n6a1e8aa3097f
57,A,衣装を変えずに、7日間で一つの物語を描く,2026-02-08,nc8a7c746030d
58,C,朝活クリエイターの記事を、夜に読んでいた問題,2026-02-09,nd7e3da2d97a0
59,B,お気に入り優遇、まだ起きてる,2026-02-10,n673cbf026992
60,D,フォロワーが減った週のミニログ,2026-02-11,nef08ec8f8b07
61,B,キャラらしい書き出しとは,2026-02-12,na31406839eb4
62,C,作ったWebページ、公開できずに眠ってない？,2026-02-13,nb63200971510
63,E,6人のチョコを開けたら、性格が全部出ていた,2026-02-14,n5550839a83c5
64,D,65記事をスキ率で並べ替えたら、書くべき記事が見えた,2026-02-15,n62fb37041209
65,D,7日間、セリフも画像も変えなかった結果,2026-02-16,nc97904842baf
66,B,"noteのタグ3,737個をコネコネして、自分の「橋タグ」を見つけた話",2026-02-17,nd5fb9f858395
67,D,バレンタインが終わり、春と企画が始まる,2026-02-18,n20d8070b7656
68,B,ダッシュボードを作ったら、見方を設計する必要があった,2026-02-19,n497f3957f84f
69,G,画面の向こうから、助けを求められた話（OASOBI企画）,2026-02-20,n8de3beac5c7c
